<?xml version="1.0" encoding="UTF-8"?>
<project-private xmlns="http://www.netbeans.org/ns/project-private/1">
    <editor-bookmarks xmlns="http://www.netbeans.org/ns/editor-bookmarks/2" lastBookmarkId="0"/>
    <open-files xmlns="http://www.netbeans.org/ns/projectui-open-files/2">
        <group>
            <file>file:/D:/web/Final/src/java/Controller/ReviewApplicationController.java</file>
            <file>file:/D:/web/Final/web/checkEmail.jsp</file>
            <file>file:/D:/web/Final/web/interview.jsp</file>
            <file>file:/D:/web/Final/src/java/Controller/InterviewController.java</file>
            <file>file:/D:/web/Final/src/java/Models/User.java</file>
            <file>file:/D:/web/Final/src/java/Models/UserDAO.java</file>
            <file>file:/D:/web/Final/web/jobsView.jsp</file>
            <file>file:/D:/web/Final/web/mainAdmin.jsp</file>
            <file>file:/D:/web/Final/src/java/Models/JobPosting.java</file>
            <file>file:/D:/web/Final/src/java/Controller/ApplicationController.java</file>
            <file>file:/D:/web/Final/web/jobOffer.jsp</file>
            <file>file:/D:/web/Final/web/login.jsp</file>
            <file>file:/D:/web/Final/web/signup.jsp</file>
            <file>file:/D:/web/Final/src/java/Controller/SignupController.java</file>
            <file>file:/D:/web/Final/src/java/Models/Interview.java</file>
            <file>file:/D:/web/Final/web/index.html</file>
            <file>file:/D:/web/Final/src/java/Models/Job.java</file>
            <file>file:/D:/web/Final/web/jobDescription.jsp</file>
            <file>file:/D:/web/Final/web/jobApplication.jsp</file>
            <file>file:/D:/web/Final/web/ViewApplication.jsp</file>
            <file>file:/D:/web/Final/src/java/Models/JobOffer.java</file>
            <file>file:/D:/web/Final/src/java/Controller/JobPostingController.java</file>
            <file>file:/D:/web/Final/web/mainUser.jsp</file>
            <file>file:/D:/web/Final/src/java/Controller/OfferController.java</file>
            <file>file:/D:/web/Final/src/java/Models/Application.java</file>
        </group>
    </open-files>
</project-private>
